{
    "loss_per_epoch": [
        1.3785490803819682,
        0.056055371559757206,
        0.034015329694375394,
        0.030755926773417742,
        0.024588090776316157
    ],
    "accuracy": 0.9385542273521423,
    "top5_accuracy": 0.9809237122535706
}
