{
    "loss_per_epoch": [
        1.6360045886598527,
        0.10483320013819529,
        0.08079633563091712,
        0.07742186767947194,
        0.07030060738824041
    ],
    "accuracy": 0.8967999815940857,
    "top5_accuracy": 0.9545999765396118
}
